{
  "user_username_exists": "A user with that username already exists.",
  "user_email_exists": "A user with that email already exists.",
  "user_not_found": "User not found.",
  "user_deleted": "User deleted.",
  "user_invalid_credentials": "Invalid credentials!",
  "user_logged_out": "User <id={}> successfully logged out.",
  "user_not_confirmed": "You have not confirmed registration, please check your email <{}>.",
  "user_error_creating": "Internal server error. Failed to create user.",
  "user_registered": "Account created successfully, an email with an activation link has been sent to your email address, please check."
}